{
  "format_version": "1.8.0",
  "animations": {
    "animation.armor.boots.offset": {
      "loop": true,
      "bones": {
        "leftleg": {
          "position": [
            "query.get_root_locator_offset('armor_offset.left_boot', 0)",
            "query.get_root_locator_offset('armor_offset.left_boot', 1)",
            "query.get_root_locator_offset('armor_offset.left_boot', 2)"
          ]
        },
        "rightleg": {
          "position": [
            "query.get_root_locator_offset('armor_offset.right_boot', 0)",
            "query.get_root_locator_offset('armor_offset.right_boot', 1)",
            "query.get_root_locator_offset('armor_offset.right_boot', 2)"
          ]
        }
      }
    }
  }
}
